{"10":[-67.82168528799991,46.61109294500005,-52.61940850399992,60.37774401300004],"11":[-64.41345805399993,45.94825950300009,-61.970709676999945,47.06122203000007],"12":[-66.39503237699995,43.38966200900006,-59.67416756999995,47.228032228000075],"13":[-69.05327851999994,44.570312889000036,-63.772017501999926,48.08933913300007],"24":[-79.76105867299992,44.991143168000065,-57.105486399999904,62.58286491700005],"35":[-95.15482594199995,41.681435425000075,-74.34402987999994,56.85903623300004],"46":[-102.0000000249999,48.99999999700009,-88.98649333999992,60.00006152600008],"47":[-110.00775689099993,48.999999993000074,-101.36230470899994,60.00006152700007],"48":[-120.00029747299993,48.99999999400006,-109.9998580489999,60.00007326000008],"59":[-139.05220104099993,48.30891568700008,-114.0542208199999,60.000061532000075],"60":[-141.01807315799994,59.99999998700008,-123.78932483599993,69.64745527500008],"61":[-136.46871030499995,59.999999986000034,-101.9999999669999,78.80365777500003],"62":[-120.72491423299994,51.275048921000064,-61.09532368099991,83.13550252400006]}