{"Chihuahua":[-109.14646572852521,25.606084737053806,-103.29076249508803,31.7839204274515],"Coahuila":[-103.95020969926894,24.563244951708903,-99.80669231239537,29.8879657420081],"Nuevo Leon":[-101.21872741975511,23.195180994041856,-98.44385318254788,27.79413291908736],"Tamaulipas":[-100.08528526370064,22.214849475800648,-97.13739595951218,27.66898696817789],"Sinaloa":[-109.44274712118319,22.468376795171544,-105.40204379967228,27.060728468411064],"Durango":[-107.12473215828908,22.31915933767555,-102.50500876437287,26.838649407645136],"Zacatecas":[-104.32968204266392,21.054499324968866,-100.82267216259196,25.155585197120125],"San Luis Potosi":[-102.27865199143734,21.185986694280167,-98.344632081835,24.563244951708903],"Jalisco":[-105.67842569580846,18.95898408492112,-101.524958560674,22.764741042930268],"Aguascalientes":[-102.86098864659627,21.653698655590233,-101.84611432398422,22.462553043578026],"Veracruz":[-98.64229538397366,17.149997423274165,-93.58948155881207,22.44055220422476],"Guanajuato":[-102.10867712531359,19.907220261046973,-99.72322497976225,21.85934179519225],"Queretaro":[-100.59825006292938,19.938021436141554,-99.04083807820203,21.644121819636453],"Yucatan":[-90.40583849721945,19.65188110784699,-87.53920547049502,21.60995581028785],"Quintana Roo":[-89.43048678575488,17.81882293961352,-86.73852711738851,21.606073309225508],"Hidalgo":[-99.82907924598241,19.58536092297887,-98.02955672023975,21.398877169198556],"Campeche":[-92.481190155306,17.819728856528066,-89.41832598232489,20.86322143929751],"Puebla":[-99.0505114445668,17.892202209691774,-96.72641607995769,20.790230419325496],"Michoacan":[-103.74541071423204,17.92080330085102,-100.06234556632134,20.394215310966672],"Mexico":[-100.58636564139553,18.39032709599018,-98.58121498492757,20.269975276971742],"Tlaxcala":[-98.69840090888931,19.089565537317867,-97.61360196655481,19.712318707717436],"Colima":[-104.59252122588941,18.688114927471766,-103.47953133014903,19.516899487579586],"Distrito Federal":[-99.3454109277441,19.07688270051422,-98.93995868611232,19.484157061953837],"Morelos":[-99.49659182493059,18.370785173976394,-98.64809940379253,19.14495588580727],"Guerrero":[-102.18191832778969,16.319401029337257,-98.0046823495875,18.859721474427253],"Oaxaca":[-98.5546823228985,15.64358701108569,-93.86724536442892,18.681126425559547],"Tabasco":[-94.13754685885011,17.256119118978162,-90.9823711325595,18.65692550227096],"Chiapas":[-94.12317500025102,14.550533545334497,-90.38455709121696,17.990170653164853],"Sonora":[-115.03754584466782,26.263003916801978,-108.46794817351089,32.50697154196155],"Baja California":[-118.4041537215026,27.999776058689378,-112.72340022831962,32.71843843315708],"Baja California Sur":[-115.04390262827896,18.716068935120624,-109.40073707297049,28.000552558901852],"Nayarit":[-106.64576233228507,20.69899164436047,-103.95573733719166,23.067446709090824],"Alabama":[-88.47309989753916,30.223543250496476,-84.88897946844521,35.008078726321905],"Alaska":[-179.148196,51.21415582734336,179.77847000000006,71.36472459100163],"Arizona":[-114.81644032775888,31.33225613719911,-109.04530995453936,37.00420193917371],"Arkansas":[-94.61789859433479,33.00406109464333,-89.64495913715655,36.49947680106933],"California":[-124.4096559426456,32.53414904939794,-114.1312896072373,42.00952230874429],"Colorado":[-109.05995819503458,36.99242501928461,-102.0415163245525,41.00343686678954],"Connecticut":[-73.72784935677798,40.98518911179654,-71.78709568210974,42.05054740330303],"Delaware":[-75.78855277436931,38.451210085108364,-75.04895482030891,39.83855713138504],"District of Columbia":[-77.11988436805728,38.791705428275705,-76.90928136320152,38.9951484839424],"Georgia":[-85.60508496133406,30.358007203955566,-80.84026107194636,35.00070197430345],"Hawaii":[-178.33480407967124,18.910323404939774,-154.80668964349462,28.402132585450033],"Idaho":[-117.24279699393838,41.98803913619933,-111.04355106360393,49.00087138840458],"Illinois":[-91.51302437314098,36.97029476322926,-87.49470798521709,42.50842369525516],"Indiana":[-88.09777328258623,37.77177239919861,-84.78533625739415,41.76026574054197],"Iowa":[-96.63963216457093,40.375507028306856,-90.13995911313644,43.50053213338548],"Kansas":[-102.05174245470954,36.993072102795,-94.58832573144822,40.003045759726234],"Maryland":[-79.48764807225591,37.911671854144984,-75.04895482030891,39.72247034962103],"Minnesota":[-97.23882811539416,43.499367383066776,-89.49184356669711,49.38433307666184],"Mississippi":[-91.65397914017042,30.17475315381305,-88.09777328258623,34.99565472292241],"Montana":[-116.04993273021464,44.358176618056696,-104.0392046698248,49.0013890552129],"Nevada":[-120.00578680961175,35.001866724622154,-114.04035996340849,42.002145556725836],"New Jersey":[-75.55943218247242,38.9284988823722,-73.89395487635582,41.357391546973005],"New Mexico":[-109.05028482866982,31.33225613719911,-103.00221979552185,37.00019002140929],"North Dakota":[-104.04860165429342,45.93511913287771,-96.55450654056098,49.00061255500043],"Oklahoma":[-103.002496177418,33.61581384536626,-94.43078805065059,37.00161360513215],"Pennsylvania":[-80.51938169053226,39.720140848983625,-74.68965835533187,42.26990871332532],"South Carolina":[-83.35395441730489,32.03460057937668,-78.54214560557405,35.21540428305094],"South Dakota":[-104.05772225686592,42.48008143750007,-96.43649147091084,45.945343052341876],"Utah":[-114.05307353063075,36.99798993747397,-109.0417169898896,42.00162788991753],"Vermont":[-73.43764836583499,42.72687908836291,-71.46455800931882,45.0166487982298],"West Virginia":[-82.64475847181946,37.201432993140656,-77.71963308267279,40.638740600333605],"Wyoming":[-111.05515910324165,40.99476594775032,-104.05247100083933,45.00590721195733],"American Samoa":[-171.09000543625365,-14.373711119002946,-169.41872411031818,-11.046925375384651],"Puerto Rico":[-67.94455818012847,17.883919540758775,-65.22081459370645,18.514955380091337],"Florida":[-87.63483360655813,24.523772857575096,-80.03129126195577,31.00081996317723],"Kentucky":[-89.57144155278434,36.49714730043192,-81.96485900732446,39.14747194228826],"Louisiana":[-94.04302425037154,28.92859972950353,-88.81691897633256,33.01920284878646],"Maine":[-71.0839801383393,42.97781807369224,-66.95068888162278,47.459647883357114],"Massachusetts":[-73.50812574934972,41.237939930954965,-69.92870381249008,42.88657929872722],"Michigan":[-90.41799930064944,41.69607505631126,-82.41342682475347,48.23873642986696],"Missouri":[-95.77483321156082,35.995657579879484,-89.0991048922876,40.61363376013046],"Nebraska":[-104.05330014652773,39.99993975887636,-95.30830057088296,43.000724829960056],"New Hampshire":[-72.55737202664126,42.69698383018288,-70.70395503115206,45.30550687726801],"New York":[-79.761818913223,40.4961233946436,-71.85619115614378,45.015872298017335],"North Carolina":[-84.32184381757378,33.843198990917394,-75.46048746365567,36.58812724199279],"Ohio":[-84.82016037630731,38.40371415544572,-80.51882892673999,41.977556383331006],"Oregon":[-124.5663644777548,41.991792220559596,-116.46340004683437,46.29205039720897],"Rhode Island":[-71.86282432165105,41.1469599893941,-71.12046254862928,42.01884031129391],"Tennessee":[-90.3099339792602,34.98297188611876,-81.64701982676786,36.678071849937034],"Texas":[-106.64548595038895,25.83735238366728,-93.50822528134803,36.50038271798387],"Virginia":[-83.67538656251126,36.54076072903222,-75.24214576570809,39.465966446102335],"Washington":[-124.74490718265878,45.54350419238954,-116.91611359270541,49.0025538055316],"Wisconsin":[-92.88802430641846,42.49198777409125,-86.80541153625347,47.0800686961622],"Guam":[144.617994319244,13.234236268498675,144.95683852390695,13.653934633337782],"Commonwealth of the Northern Mariana Islands":[144.88691390418447,14.110516758269137,146.06485354551685,20.553786104628905],"United States Virgin Islands":[-65.08538746459972,17.67400564998818,-64.5649603541753,18.41232793534345],