{"PARMA":[9.439404139018714,44.34712129876204,10.505339538808173,45.04535673218738],"REGGIO NELL'EMILIA":[10.143052513211419,44.22700878711702,10.899010365280386,44.99295786579174],"PIACENZA":[9.199080726719586,44.5568307535271,10.084507966914073,45.14006742415903],"FORLI'-CESENA":[11.64652659328661,43.74160827030647,12.45604858646049,44.33174606659537],"MODENA":[10.471137858047667,44.11563540320671,11.369590319287642,44.96389559959604],"BOLOGNA":[10.806600771375601,44.06320917067865,11.841284506193437,44.805687582215505],"FERRARA":[11.235745980407527,44.54661210872056,12.399081187032735,44.98774927190777],"RAVENNA":[11.525921209573823,44.10210398615696,12.384488142308221,44.63016433852818],"RIMINI":[12.097129192313664,43.73287473128512,12.756592149960545,44.16340305085283],"L'AQUILA":[13.019404846351245,41.68308510622241,14.230618005325315,42.59222593327323],"PESCARA":[13.766166388481333,42.074045089060036,14.255352326474219,42.54549201356331],"CHIETI":[14.07656134997524,41.76062948210412,14.783889754215776,42.4458691208236],"TERAMO":[13.349513828690734,42.42111258892093,14.1471553083008,42.89603782419672],"MATERA":[15.942253178168446,40.056650579824456,16.867692625938158,40.839013654408646],"POTENZA":[15.335818886306757,39.8958080069339,16.39959802591885,41.14090218084485],"CROTONE":[16.61382045951133,38.89359461030855,17.20731034790372,39.483393730045194],"VIBO VALENTIA":[15.827523060924406,38.429907909822866,16.432775224526967,38.82544582819383],"COSENZA":[15.75671663658392,39.049723348431264,17.025691255728695,40.1449240735316],"CATANZARO":[16.094710215611492,38.464377579803525,16.921386649192502,39.19525533113289],"REGGIO DI CALABRIA":[15.630986147450566,37.91679930397022,16.583512589302046,38.57483163007189],"VERCELLI":[7.8624711879718285,45.16047263005111,8.58225782261249,45.95134265535476],"NOVARA":[8.311651735538685,45.29308907018692,8.84396205533915,45.87757295811817],"TORINO":[6.627730622758562,44.71475481911891,8.152943260830474,45.603206901640476],"CUNEO":[6.854506696125114,44.06110135473483,8.267111253450139,44.85756653706227],"ASTI":[7.88451066022595,44.520409110796535,8.51468688758078,45.13395831725553],"ALESSANDRIA":[8.11040674939753,44.46590242549572,9.215086419122295,45.20555853014812],"BIELLA":[7.883237813637936,45.37703531937561,8.32899066038789,45.758578320345016],"VERBANO-CUSIO-OSSOLA":[7.869499507769614,45.7678676111722,8.730142820387586,46.46501815147856],"ANCONA":[12.747752192335577,43.21089289509761,13.659284910187118,43.75116185581991],"MACERATA":[12.830582423691885,42.83281782740069,13.743772915280843,43.47515097611043],"ASCOLI PICENO":[13.188474815751242,42.688121220950855,13.917635194614222,43.08073106011221],"PESARO E URBINO":[12.186413202262422,43.417540537627,13.173384561016194,43.96957513372436],"FERMO":[13.217048135129856,42.89112532001908,13.850410995338333,43.29503149849407],"UDINE":[12.493477976909519,45.64428735267544,13.718302796561122,46.648681079856736],"GORIZIA":[13.238552257575424,45.67614312941732,13.643850380908232,46.05223730264206],"TRIESTE":[13.57972244452791,45.581817349631216,13.919804604979955,45.808826174992504],"PORDENONE":[12.321933938164953,45.79168477060919,12.991564130430344,46.41309034985133],"PERUGIA":[11.91330946359352,42.597788683599966,13.265111638997935,43.61829615507807],"TERNI":[11.892841036097872,42.3654283356793,12.897264180970309,42.94409709997314],"CAMPOBASSO":[14.378569166303627,41.36494774132197,15.162423562881257,42.070794460743095],"ISERNIA":[13.941905805035512,41.38742270043945,14.523130182213428,41.91175366382832],"BOLZANO/BOZEN":[10.3838371737446,46.22067321105662,12.47857347018408,47.092640157424256],"TRENTO":[10.453168107740145,45.67397562590201,11.963690397230769,46.53365171785322],"VALLE D'AOSTA":[6.802445446198813,45.46791280788024,7.940594839586886,45.988512072157775],"ROMA":[11.734713865064666,41.411133143909346,13.297185660201693,42.29699528462249],"VITERBO":[11.450327156448273,42.14717418025779,12.520546617175897,42.83965743373292],"RIETI":[12.4372962556297,42.09032547368968,13.410661396143706,42.741933393410314],"LATINA":[12.531080027756998,40.78574069037016,13.895701357721473,41.71582426254718],"FROSINONE":[12.993300707992036,41.30234418052222,14.028530944404713,41.95538738975818],"BELLUNO":[11.667249701202905,45.88145601635992,12.75064481901687,46.681334850593],"VERONA":[10.62467206626506,45.05372351248497,11.492114167449559,45.833668269867935],"VICENZA":[11.136868443286753,45.25624496921146,11.834970132862816,46.01420489099427],"ROVIGO":[11.174552716542836,44.79536287691561,12.552800422336874,45.16467010981285],"TREVISO":[11.743676023241681,45.53137936699728,12.686013514385273,46.08313182215733],"VENEZIA":[11.962935892692752,45.056541842554694,13.10320170178525,45.855334000176995],"PADOVA":[11.391708111072107,45.096304094879486,12.207172166937514,45.68807432535769],"BENEVENTO":[14.352878653244792,40.97612946076397,15.150013446815692,41.48736711836237],"CASERTA":[13.763000922096435,40.8999850479967,14.535309466324938,41.50835557806412],"NAPOLI":[13.85191727899842,40.537812588867645,14.670527140201822,41.02084032122183],"AVELLINO":[14.560329320704353,40.70764030992229,15.573150809203995,41.287426876455655],"SALERNO":[14.429521891360828,39.991568961412405,15.80727684401508,40.8497447836635],"COMO":[8.895741085612377,45.64347005398869,9.441875342765766,46.24047688607154],"VARESE":[8.55335479519513,45.559250747660826,9.067116000242367,46.123067695163826],"MILANO":[8.707167982718627,45.16241125979398,9.551355599461122,45.64360848092117],"PAVIA":[8.49940907741185,44.680897690741,9.552409399090022,45.39477739638981],"BERGAMO":[9.44690607758524,45.42371496921431,10.263255163891474,46.09220703565336],"BRESCIA":[9.837458244892128,45.20564791240226,10.84117443446552,46.35568978804456],"SONDRIO":[9.247626378957914,46.01231359399333,10.631505567223893,46.63608127879913],"CREMONA":[9.455460076619802,44.93811383655814,10.597873534886128,45.50540821353397],"MANTOVA":[10.310307085998135,44.90926315302103,11.427740807927849,45.42863820452057],"MONZA E DELLA BRIANZA":[9.05227930931885,45.537579798966824,9.496907735262768,45.74365925759648],"LECCO":[9.244370208990128,45.65063094817702,9.542011929455718,46.158328078703626],"LODI":[9.31144396692434,45.053529469363866,9.902142784399048,45.47063352303116],"IMPERIA":[7.495858378828461,43.77754548891967,8.136434683081736,44.14186230439484],"SAVONA":[7.978496839670446,43.93995827556231,8.669403948409741,44.52972495656039],"GENOVA":[8.572609939507798,44.217622852000645,9.574620137810745,44.67739867069875],"LA SPEZIA":[9.466771200818261,44.02431250925185,10.072034317312593,44.4390916323003],"PISTOIA":[10.624412149064987,43.78979128674432,11.071641892532785,44.161045772662455],"FIRENZE":[10.71208441802671,43.45328211304496,11.753913751983422,44.240840833301704],"MASSA-CARRARA":[9.687728668987218,43.97670576981678,10.256595902603879,44.47365996111309],"LUCCA":[10.145040685329201,43.750110798916765,10.738796264675033,44.28692574706298],"AREZZO":[11.39848497780892,43.15736564167994,12.372310809856787,43.87842492247257],"LIVORNO":[9.792286081877302,42.314976649789315,10.797200619139883,43.63560601984954],"PISA":[10.25945629392925,43.10952559584763,11.01429989195631,43.83592747681912],"GROSSETO":[10.706587897215613,42.239237858281264,11.819612246153234,43.19003754186918],"SIENA":[10.909293764057315,42.786735778489636,11.983386423255514,43.54933405604232],"PRATO":[10.965104974109286,43.7593610388175,11.205909429291356,44.113372119653064],"FOGGIA":[14.934937639919344,41.056699863007985,16.202347985402245,42.22751059116119],"BARI":[16.20329311157142,40.69297730376941,17.4005542145159,41.23044723199894],"TARANTO":[16.697301604399982,40.29557106500233,17.800932891414735,40.804375267719465],"BRINDISI":[17.29606828239182,40.38063325717265,18.09814739364952,40.8932276050039],"LECCE":[17.763259190354905,39.79245570883502,18.521147340781166,40.516345943217836],