{"Piemonte":[6.627730622758562,44.06110135473483,9.215086419122295,46.46501815147856],"Valle d’Aosta":[6.802445446198813,45.46791280788024,7.940594839586886,45.988512072157775],"Lombardia":[8.49940907741185,44.680897690741,11.427740807927849,46.63608127879913],"Trentino-Alto Adige/Sudtirol":[10.3838371737446,45.67397562590201,12.47857347018408,47.092640157424256],"Veneto":[10.62467206626506,44.79536287691561,13.10320170178525,46.681334850593],"Friuli Venezia Giulia":[12.321933938164953,45.581817349631216,13.919804604979955,46.648681079856736],"Liguria":[7.495858378828461,43.77754548891967,10.072034317312593,44.67739867069875],"Emilia-Romagna":[9.199080726719586,43.73287473128512,12.756592149960545,45.14006742415903],"Toscana":[9.687728668987218,42.239237858281264,12.372310809856787,44.47365996111309],"Umbria":[11.892841036097872,42.3654283356793,13.265111638997935,43.61829615507807],"Marche":[12.186413202262422,42.688121220950855,13.917635194614222,43.96957513372436],"Lazio":[11.450327156448273,40.78574069037016,14.028530944404713,42.83965743373292],"Abruzzo":[13.019404846351245,41.68308510622241,14.783889754215776,42.89603782419672],"Molise":[13.941905805035512,41.36494774132197,15.162423562881257,42.070794460743095],"Campania":[13.763000922096435,39.991568961412405,15.80727684401508,41.50835557806412],"Puglia":[14.934937639919344,39.79245570883502,18.521147340781166,42.22751059116119],"Basilicata":[15.335818886306757,39.8958080069339,16.867692625938158,41.14090218084485],"Calabria":[15.630986147450566,37.91679930397022,17.20731034790372,40.1449240735316],"Sicilia":[11.9267943671267,35.49486425552154,15.653604681912544,38.813218457336404],"Sardegna":[8.134869787093171,38.86020893549649,9.828007207452066,41.31426927173838],"Bolzano":[10.3838371737446,46.22067321105662,12.47857347018408,47.092640157424256],"Trento":[10.453168107740145,45.67397562590201,11.963690397230769,46.53365171785322]}
