{"PIEMONTE":[6.627730622758562,44.06110135473483,9.215086419122295,46.46501815147856],"VALLE D'AOSTA/VALLÉE D'AOSTE\r\nVALLE D'AOSTA/VALLÉE D'AOSTE":[6.802445446198813,45.46791280788024,7.940594839586886,45.988512072157775],"LOMBARDIA":[8.49940907741185,44.680897690741,11.427740807927849,46.63608127879913],"TRENTINO-ALTO ADIGE/SUDTIROL":[10.3838371737446,45.67397562590201,12.47857347018408,47.092640157424256],"VENETO":[10.62467206626506,44.79536287691561,13.10320170178525,46.681334850593],"FRIULI VENEZIA GIULIA":[12.321933938164953,45.581817349631216,13.919804604979955,46.648681079856736],"LIGURIA":[7.495858378828461,43.77754548891967,10.072034317312593,44.67739867069875],"EMILIA-ROMAGNA":[9.199080726719586,43.73287473128512,12.756592149960545,45.14006742415903],"TOSCANA":[9.687728668987218,42.239237858281264,12.372310809856787,44.47365996111309],"UMBRIA":[11.892841036097872,42.3654283356793,13.265111638997935,43.61829615507807],"MARCHE":[12.186413202262422,42.688121220950855,13.917635194614222,43.96957513372436],"LAZIO":[11.450327156448273,40.78574069037016,14.028530944404713,42.83965743373292],"ABRUZZO":[13.019404846351245,41.68308510622241,14.783889754215776,42.89603782419672],"MOLISE":[13.941905805035512,41.36494774132197,15.162423562881257,42.070794460743095],"CAMPANIA":[13.763000922096435,39.991568961412405,15.80727684401508,41.50835557806412],"PUGLIA":[14.934937639919344,39.79245570883502,18.521147340781166,42.22751059116119],"BASILICATA":[15.335818886306757,39.8958080069339,16.867692625938158,41.14090218084485],"CALABRIA":[15.630986147450566,37.91679930397022,17.20731034790372,40.1449240735316],"SICILIA":[11.9267943671267,35.49486425552154,15.653604681912544,38.813218457336404],"SARDEGNA":[8.134869787093171,38.86020893549649,9.828007207452066,41.31426927173838]}