{"ALABAMA":[-88.46549629200294,30.19049673657085,-84.92292708700774,35.008034101701455],"ALASKA":[-179.14735198559697,51.215263275677344,179.7748791104715,71.38960675265011],"ALBANY":[-76.96350332674795,41.857463345835484,-73.24138784591574,45.01607804145489],"APPALACHIAN":[-83.67540071933956,36.45862240806284,-77.71952546986294,39.76713189184585],"ARIZONA":[-114.81829380387641,31.332006603650605,-102.9699104650649,37.24040979402566],"ARKANSAS":[-94.61793190879777,32.973115205198745,-89.64440035511721,36.518148204060545],"ATLANTA":[-85.47946933813112,32.743770799749846,-82.4591986056287,35.00066856685108],"BALTIMORE":[-79.48765249413685,37.88724120375048,-75.04760343823638,39.72304377217126],"BAY-VALLEY":[-122.74615974820503,35.79399281395867,-120.4251555991669,38.864262858976474],"CAPITAL":[-77.52764532517503,38.02867909710956,-76.30886504659868,39.33141692408184],"CARIBBEAN":[-67.9518020258234,17.676620436296382,-64.56432695463147,18.518710493362395],"CENTRAL ILLINOIS":[-91.15913060404668,39.96257314124001,-87.52464577918039,42.35669308750436],"CENTRAL PLAINS":[-104.05352124283979,36.89254132891151,-94.79487307031081,43.25973436811816],"CHICAGO":[-87.86962579774075,41.62978938329473,-87.52369356497918,42.06204486704746],"CINCINNATI":[-85.44372537297602,38.17096736353438,-80.88247561894211,41.03612802068635],"COLORADO/WYOMING":[-111.49758152460019,36.84913527106579,-101.97672410378954,45.0961369492529],"CONNECTICUT VALLEY":[-73.72778065740061,40.97670321210187,-70.70337767369291,42.74594706675046],"DAKOTAS":[-116.05000982254407,42.47971166201772,-94.68321248049475,49.38446709938808],"DALLAS":[-97.1833676466448,30.473854484089287,-93.50804540896239,33.96268028175328],"DETROIT":[-84.97100492101383,41.69612116606636,-82.40997991121175,44.079117673321896],"FT WORTH":[-103.06508696941741,29.91600786435162,-96.7558414366267,37.001127877536796],"GATEWAY":[-93.7125828160036,36.97030144688243,-87.49520798731974,40.66478802738723],"GREATER BOSTON":[-72.21788334380136,41.23002005062721,-69.92356814185437,42.886698016995574],"GREATER INDIANA":[-87.75672553283266,37.841498496353516,-84.80231927696181,41.76064911579592],"GREATER MICHIGAN":[-90.41839778706739,41.758960483693066,-82.99682233686855,47.484594071256524],"GREATER S CAROLINA":[-83.35384876338901,32.435549189249734,-78.54086411728625,35.21554085113171],"GREENSBORO":[-82.08054973021949,35.06445665754851,-75.46003795148133,36.588159852779945],"HAWKEYE":[-96.72693365078368,40.37544594517557,-89.63150054763727,43.55142130108138],"HONOLULU":[-178.30669057641222,6.887114414122358,145.83283560061832,28.401976413688057],"HOUSTON":[-96.96363074499634,28.39415327422807,-93.68821152234541,31.360293167359014],"KENTUCKIANA":[-89.41727930183325,36.39286126857512,-81.96490062144024,38.815521821401326],"LAKELAND":[-91.1794594789263,41.603160961482715,-86.76402426181066,46.59396600550719],"LONG ISLAND":[-73.75520622212645,40.57448189748222,-71.84771456467423,41.21582424430152],"LOS ANGELES":[-119.06834019403279,33.7142125172603,-118.08995806863969,34.161446481225106],"LOUISIANA":[-94.04336046992209,28.918625848166574,-88.81645010720275,33.01949586952916],"MID-AMERICA":[-96.14333414330262,35.99568753693186,-89.09897026405835,40.58414292571554],"MID-CAROLINAS":[-84.32187331355621,33.83438800311202,-76.03103409552622,36.15911865533489],"MISSISSIPPI":[-91.65144331235554,30.174096405163972,-87.92825883633526,34.99609880585456],"NEVADA SIERRA":[-121.65778789942436,35.00186799484612,-114.0396610650601,42.36800361975253],"NEW YORK":[-74.04785039223407,40.682951771633505,-73.7646564989154,40.917591383165664],"GULF ATLANTIC":[-87.63478821616629,28.665679877702548,-80.38406334985405,34.1483481897256],"NORTHERN NEW ENGLAND":[-73.43819974241185,42.69699808476477,-66.92598885342879,47.459862247106194],"NORTHERN NEW JERSEY":[-75.20391029767318,40.25112864763592,-73.8939869503701,41.357427840104116],"NORTHERN OHIO":[-84.80598440332103,39.576708280334714,-80.51845131635837,41.98251743275833],"NORTHERN VIRGINIA":[-78.67744397308378,38.22999827597402,-77.03226936174731,39.46601663727826],"NORTHLAND":[-96.91979295913134,42.988180687080614,-88.33819603309038,48.98665894970391],"OKLAHOMA":[-100.44091937829461,33.6159026037402,-94.43066910467022,37.002304429697936],"PHILADELPHIA METROPO":[-76.14336842180533,39.7211575012256,-74.7215239732538,40.58715147886173],"PORTLAND":[-124.56650583994482,41.84754024368784,-116.4634234994487,46.71719715745327],"RICHMOND":[-80.29613624984444,36.54096560285721,-75.24175632059311,38.936040084164176],"RIO GRANDE":[-106.64565491093089,25.837059333003587,-96.2574022180801,32.96168958586794],"SACRAMENTO":[-123.71918791450479,35.88679719711597,-118.33474000040941,42.00952266610333],"SAN DIEGO":[-118.60737868913971,32.53415634605908,-114.1312263419704,36.76349420026248],"SAN FRANCISCO":[-124.40960609242055,37.10703782553448,-121.98246599256366,42.001051800727936],"SANTA ANA":[-119.04791250447194,33.24808812322955,-117.34600029979045,34.37920234015257],"SEATTLE":[-124.74279123130046,45.10757565506274,-114.32026781036053,49.00250234344266],"SIERRA COASTAL":[-121.35416631654478,33.212779049139215,-116.88921596096847,38.535931016482],"SOUTH FLORIDA":[-82.92577458104749,24.517485844821802,-80.02710878855635,27.848901124483618],"SOUTH JERSEY":[-75.7890279579844,38.451222563318986,-73.97098155337196,40.4883512007295],"SUNCOAST":[-82.85631684327939,25.61247547716568,-80.31712987803434,29.840180230585926],"TENNESSEE":[-90.31030350892931,34.28610544371711,-81.64690599311646,36.66777842834662],"TRIBORO":[-74.25908923129477,40.49594115570498,-73.64967214254807,40.873277131705585],"WESTCHESTER":[-75.18235971400715,40.87648320361583,-73.43161509048093,42.50375660178022],"WESTERN NEW YORK":[-79.76198899875412,41.99756700389705,-76.26965358444691,43.377298529238644],"WESTERN PENNSYLVANIA":[-80.87031242999515,39.66735978446387,-77.14381317057644,42.2777348658719],"CENTRAL PENNSYLVANIA":[-78.49346900289612,39.71981013206192,-74.68950801652782,42.00214660171508],"SALT LAKE CITY":[-117.24301743561898,36.873953045248406,-109.04107549810543,45.705893112628196]}